{"band_gap": [0.4314, 0.5273], "density": [1.877764, 1.889948], "density_atomic": [9.066289, 9.00784], "deprecated": [false], "efermi": [0.1555092, 0.2187295], "energy_above_hull": [0.008191891, 0.007338491], "energy_per_atom": [-5.505719, -5.506572], "formation_energy_per_atom": [-1.241937, -1.24279], "is_gap_direct": [true, false], "is_magnetic": [true], "is_metal": [false], "is_stable": [false], "nelements": [5], "nsites": [78], "num_magnetic_sites": [2], "num_unique_magnetic_sites": [1], "theoretical": [false], "total_magnetization": [2.000606, 2.578133], "total_magnetization_normalized_formula_units": [1.000303, 1.289066], "total_magnetization_normalized_vol": [0.002829029, 0.003669357], "uncorrected_energy_per_atom": [-5.240591, -5.241444], "volume": [707.1706, 702.6116], "cbm": [0.5798, 0.6207], "vbm": [0.1893, 0.0525]}