{"band_gap": [0.9151, 0.9119], "density": [3.067993, 3.53579], "density_atomic": [23.72281, 20.5842], "deprecated": [false], "efermi": [-0.3200996, 0.5524241], "energy_above_hull": [0.4422945, 0.4006661], "energy_per_atom": [-3.697279, -3.738907], "formation_energy_per_atom": [-0.04827825, -0.08990669], "is_gap_direct": [false], "is_magnetic": [false], "is_metal": [false], "is_stable": [false], "nelements": [3], "nsites": [8], "num_magnetic_sites": [0], "num_unique_magnetic_sites": [0], "theoretical": [false], "total_magnetization": [2.2e-06, 0.0009832], "total_magnetization_normalized_formula_units": [1.1e-06, 0.0004916], "total_magnetization_normalized_vol": [5.180667e-06, 1.335976e-08], "uncorrected_energy_per_atom": [-3.353779, -3.395407], "volume": [189.7825, 164.6736], "cbm": [0.5536, 1.3751], "vbm": [-0.3615, 0.4632]}