{"band_gap": [1.9632, 1.1666], "density": [4.966098, 4.488649], "density_atomic": [24.12306, 21.80383], "deprecated": [false], "efermi": [5.285066, 3.140067], "energy_above_hull": [0.1069985, 0.2306278], "energy_per_atom": [-5.912414, -5.788785], "formation_energy_per_atom": [-1.544397, -1.420768], "is_gap_direct": [true, false], "is_magnetic": [false], "is_metal": [false], "is_stable": [false], "nelements": [3], "nsites": [52], "num_magnetic_sites": [0], "num_unique_magnetic_sites": [0], "theoretical": [true], "total_magnetization": [0.00062, 0.0046816], "total_magnetization_normalized_formula_units": [0.0011704, 0.000155], "total_magnetization_normalized_vol": [4.129127e-06, 4.942605e-07], "uncorrected_energy_per_atom": [-5.513337, -5.389708], "volume": [1133.799, 1254.399], "cbm": [4.2802, 5.2851], "vbm": [3.3219, 3.1136]}