{"band_gap": [3.5161, 0.5813], "density": [1.991703, 1.479913], "density_atomic": [10.63233, 14.30925], "deprecated": [false], "efermi": [2.154482, -0.309117], "energy_above_hull": [0.1967786, 0.484583], "energy_per_atom": [-5.847012, -5.559207], "formation_energy_per_atom": [-0.7648473, -0.4770428], "is_gap_direct": [false], "is_magnetic": [false], "is_metal": [false], "is_stable": [false], "nelements": [5], "nsites": [64], "num_magnetic_sites": [0], "num_unique_magnetic_sites": [0], "theoretical": [false], "total_magnetization": [0.0003929, 0.1711685], "total_magnetization_normalized_formula_units": [0.04279213, 9.8225e-05], "total_magnetization_normalized_vol": [0.0002515449, 4.290276e-07], "uncorrected_energy_per_atom": [-5.607574, -5.31977], "volume": [680.4689, 915.7918], "cbm": [0.2354, 2.1545], "vbm": [-1.3616, -0.3459]}