{"band_gap": [3.1449, 3.0454], "density": [3.056712, 3.132852], "density_atomic": [12.98423, 12.66867], "deprecated": [false], "efermi": [2.918652, -0.1875392], "energy_above_hull": [0.04838039, 0.02314946], "energy_per_atom": [-7.377402, -7.402633], "formation_energy_per_atom": [-2.42508, -2.450311], "is_gap_direct": [true, false], "is_magnetic": [true], "is_metal": [false], "is_stable": [false], "nelements": [5], "nsites": [68], "num_magnetic_sites": [4], "num_unique_magnetic_sites": [1], "theoretical": [false], "total_magnetization": [28.00074, 27.99862], "total_magnetization_normalized_formula_units": [7.000184, 6.999656], "total_magnetization_normalized_vol": [0.03171112, 0.03250346], "uncorrected_energy_per_atom": [-7.013696, -7.038927], "volume": [882.9277, 861.4693], "cbm": [2.9189, 2.9594], "vbm": [-0.226, -0.086]}