{"band_gap": [0.0, 4.8663], "density": [2.461488, 1.888651], "density_atomic": [10.24453, 13.35175], "deprecated": [false], "efermi": [6.069408, -0.06119743], "energy_above_hull": [0.02024763, 0.6688871], "energy_per_atom": [-7.106441, -6.457801], "formation_energy_per_atom": [-2.606863, -1.958223], "is_gap_direct": [false], "is_magnetic": [true, false], "is_metal": [true, false], "is_stable": [false], "nelements": [4], "nsites": [34], "num_magnetic_sites": [6, 0], "num_unique_magnetic_sites": [13, 0], "theoretical": [false], "total_magnetization": [3.999669, 0.0455743], "total_magnetization_normalized_formula_units": [1.999835, 0.02278715], "total_magnetization_normalized_vol": [0.0001308425, 0.008810629], "uncorrected_energy_per_atom": [-6.742735, -6.094096], "volume": [348.3141, 453.9596], "cbm": [6.0692], "vbm": [1.2029]}