{"band_gap": [0.5571, 0.3542], "density": [1.51516, 1.393052], "density_atomic": [11.74148, 12.77068], "deprecated": [false], "efermi": [1.300426, 0.3868373], "energy_above_hull": [0.08382064, 0.07578784], "energy_per_atom": [-4.546861, -4.554894], "formation_energy_per_atom": [-0.3274591, -0.3354919], "is_gap_direct": [false], "is_magnetic": [false], "is_metal": [false], "is_stable": [false], "nelements": [3], "nsites": [8], "num_magnetic_sites": [0], "num_unique_magnetic_sites": [0], "theoretical": [true], "total_magnetization": [0.0008112, 0.0006857], "total_magnetization_normalized_formula_units": [0.0008112, 0.0006857], "total_magnetization_normalized_vol": [8.636047e-06, 6.711662e-06], "uncorrected_energy_per_atom": [-3.669749, -3.677782], "volume": [93.93187, 102.1655], "cbm": [0.7307, 1.2997], "e_electronic": [7.504056], "e_ionic": [6.513866], "e_total": [14.01792], "n": [2.739353], "vbm": [0.7426, 0.3765], "e_ij_max": [0.7730356]}