{"band_gap": [0.0, 0.7217, 0.8207], "density": [3.042209, 2.829444, 2.987752], "density_atomic": [16.61984, 17.8696, 16.92276], "deprecated": [false], "efermi": [-0.7818105, -0.6439096, 0.6218981], "is_gap_direct": [false], "is_magnetic": [true, false], "is_metal": [true, false], "is_stable": [false], "nelements": [4], "nsites": [38], "num_magnetic_sites": [2, 6, 0], "num_unique_magnetic_sites": [15, 12, 0], "theoretical": [false], "total_magnetization": [1.999831, 2.001974, 5.997247], "total_magnetization_normalized_formula_units": [1.000987, 2.998623, 0.9999156], "total_magnetization_normalized_vol": [0.003169917, 0.008831886, 0.003109843], "volume": [631.554, 679.0448, 643.065], "cbm": [1.2605, 0.1766], "vbm": [0.5388, -0.6441]}