{"band_gap": [0.0], "density": [9.8959, 9.786646, 9.911369], "density_atomic": [35.06706, 35.45853, 35.01233], "deprecated": [false], "efermi": [5.348605, 5.227485, 5.313301], "energy_above_hull": [0.03631423, 0.008550178, 0.01284139], "energy_per_atom": [-3.804175, -3.831939, -3.827648], "formation_energy_per_atom": [0.03631423, 0.008550178, 0.01284139], "is_gap_direct": [false], "is_magnetic": [false], "is_metal": [true], "is_stable": [false], "nelements": [1], "nsites": [4], "num_magnetic_sites": [0], "num_unique_magnetic_sites": [0], "theoretical": [false], "total_magnetization": [6.8e-06, 0.0001712, 2.49e-05], "total_magnetization_normalized_formula_units": [1.7e-06, 4.28e-05, 6.225e-06], "total_magnetization_normalized_vol": [1.220519e-06, 4.794332e-08, 1.777945e-07], "uncorrected_energy_per_atom": [-3.804175, -3.831939, -3.827648], "volume": [140.2682, 141.8341, 140.0493]}