{"band_gap": [0.0, 0.0092], "density": [2.271648, 1.693148, 1.831719], "density_atomic": [8.691228, 11.66078, 10.77863], "deprecated": [false], "efermi": [0.4688065, -0.8905656, -0.5239667], "energy_above_hull": [0.01137165, 0.797584, 0.2855695], "energy_per_atom": [-5.47188, -4.685667, -5.197682], "formation_energy_per_atom": [-1.34047, -0.5542577, -1.066272], "is_gap_direct": [false], "is_magnetic": [true], "is_metal": [true, false], "is_stable": [false], "nelements": [4], "nsites": [42], "num_magnetic_sites": [3, 2, 4], "num_unique_magnetic_sites": [11, 2], "theoretical": [false], "total_magnetization": [4.0, 1.998573, 1.15027], "total_magnetization_normalized_formula_units": [2.0, 0.9992866, 0.5751352], "total_magnetization_normalized_vol": [0.005475069, 0.002348676, 0.008835829], "uncorrected_energy_per_atom": [-5.177451, -4.391239, -4.903253], "volume": [365.0316, 489.7526, 452.7023], "cbm": [-0.5411, -0.8859], "vbm": [-0.8951, -0.4932]}