{"band_gap": [4.5304, 5.0422, 4.5794], "density": [3.309472, 3.429319, 3.099699], "density_atomic": [10.07408, 9.722009, 10.75584], "deprecated": [false], "efermi": [3.664479, 4.405182, 2.820218], "energy_above_hull": [0.019269, 0.1912892, 0.009410846], "energy_per_atom": [-7.591703, -7.419682, -7.601561], "formation_energy_per_atom": [-3.209187, -3.037167, -3.219045], "homogeneous_poisson": [0.214, 0.246], "is_gap_direct": [false], "is_magnetic": [false], "is_metal": [false], "is_stable": [false], "nelements": [3], "nsites": [20], "num_magnetic_sites": [0], "num_unique_magnetic_sites": [0], "theoretical": [false], "total_magnetization": [0.0, 0.000133], "total_magnetization_normalized_formula_units": [0.0, 3.325e-05], "total_magnetization_normalized_vol": [0.0, 6.84015e-07], "uncorrected_energy_per_atom": [-9.248446, -7.007482, -9.250917], "universal_anisotropy": [0.374, 1.065], "volume": [201.4815, 194.4402, 215.1169], "cbm": [8.052, 9.3633, 7.3952], "vbm": [2.8158, 3.5216, 4.3211]}