{"band_gap": [1.1601, 1.7819], "density": [4.35491, 4.044418], "density_atomic": [23.8561, 25.68754], "deprecated": [false], "efermi": [0.8937981, -0.9663623], "energy_above_hull": [0.5886216, 0.4402772], "energy_per_atom": [-6.526575, -6.67492], "formation_energy_per_atom": [-1.093115, -1.241459], "is_gap_direct": [false], "is_magnetic": [true], "is_metal": [false], "is_stable": [false], "nelements": [3], "nsites": [5], "num_magnetic_sites": [1], "num_unique_magnetic_sites": [1], "theoretical": [false], "total_magnetization": [5.000001, 4.999996], "total_magnetization_normalized_formula_units": [5.000001, 4.999996], "total_magnetization_normalized_vol": [0.04191801, 0.03892934], "uncorrected_energy_per_atom": [-5.663175, -5.81152], "volume": [119.2805, 128.4377], "cbm": [0.8938, 0.7569], "vbm": [-0.2663, -1.025]}