{"band_gap": [2.4376, 1.4453, 4.2049], "density": [2.466518, 3.270575, 3.207417], "density_atomic": [10.19389, 13.51698, 10.39462], "deprecated": [false], "efermi": [6.436897, 1.187295, 5.511308], "energy_above_hull": [0.4491626, 0.1462897, 0.2894799], "energy_per_atom": [-7.161809, -7.464682, -7.321492], "formation_energy_per_atom": [-2.779293, -3.082166, -2.938976], "is_gap_direct": [true, false], "is_magnetic": [false], "is_metal": [false], "is_stable": [false], "nelements": [3], "nsites": [40], "num_magnetic_sites": [0], "num_unique_magnetic_sites": [0], "theoretical": [true], "total_magnetization": [0.0010352, 0.0003598, 0.0016372], "total_magnetization_normalized_formula_units": [0.0001294, 0.00020465, 4.4975e-05], "total_magnetization_normalized_vol": [8.823916e-07, 3.028043e-06, 2.48975e-06], "uncorrected_energy_per_atom": [-6.749609, -7.052482, -6.909292], "volume": [407.7555, 540.6792, 415.7847], "cbm": [7.8969, 5.3346, 7.8822], "e_electronic": [2.498408], "e_ionic": [2.72207], "e_total": [5.220478], "n": [1.580635], "vbm": [1.1297, 6.4369, 5.4593], "e_ij_max": [0.2371021]}