{"band_gap": [2.7958, 4.2808], "density": [2.513149, 2.360878], "density_atomic": [13.40872, 14.27356], "deprecated": [false], "efermi": [1.102508, 2.023499], "energy_above_hull": [0.01450382, 0.8247754], "energy_per_atom": [-7.462028, -6.651756], "formation_energy_per_atom": [-3.130361, -2.320089], "is_gap_direct": [false], "is_magnetic": [false], "is_metal": [false], "is_stable": [false], "nelements": [4], "nsites": [56], "num_magnetic_sites": [0], "num_unique_magnetic_sites": [0], "theoretical": [false], "total_magnetization": [0.0013358, 0.0055349], "total_magnetization_normalized_formula_units": [0.000166975, 0.0006918625], "total_magnetization_normalized_vol": [1.778959e-06, 6.924517e-06], "uncorrected_energy_per_atom": [-7.069457, -6.386042], "volume": [750.8885, 799.3193], "cbm": [5.3833, 4.8193], "vbm": [2.0235, 1.1025]}