{"band_gap": [5.6779, 5.6157], "density": [1.956706, 1.944477], "density_atomic": [16.99665, 17.10354], "deprecated": [false], "efermi": [-1.42412, -1.495943], "energy_above_hull": [0.01212885, 0.01289778], "energy_per_atom": [-9.932044, -9.931275], "formation_energy_per_atom": [-3.033689, -3.03292], "is_gap_direct": [true, false], "is_magnetic": [false], "is_metal": [false], "is_stable": [false], "nelements": [2], "nsites": [36], "num_magnetic_sites": [0], "num_unique_magnetic_sites": [0], "theoretical": [false], "total_magnetization": [0.0], "total_magnetization_normalized_formula_units": [0.0], "total_magnetization_normalized_vol": [0.0], "uncorrected_energy_per_atom": [-9.932044, -9.931275], "volume": [611.8792, 615.7274], "cbm": [4.2129, 4.1175], "e_electronic": [2.030958, 2.011112], "e_ionic": [1.504487, 1.499099], "e_total": [3.535445, 3.510211], "n": [1.425117, 1.418137], "vbm": [-1.465, -1.4982], "e_ij_max": [0.1128516, 0.09464629]}