{"band_gap": [2.0186, 2.8065], "density": [1.659885, 1.662828], "density_atomic": [26.61823, 26.57112], "deprecated": [false], "efermi": [0.7970051, 0.05615466], "energy_above_hull": [0.1681305, 0.1156455], "energy_per_atom": [-4.466736, -4.519221], "formation_energy_per_atom": [0.05570437, 0.003219397], "is_gap_direct": [true, false], "is_magnetic": [false], "is_metal": [false], "is_stable": [false], "nelements": [3], "nsites": [36], "num_magnetic_sites": [0], "num_unique_magnetic_sites": [0], "theoretical": [false], "total_magnetization": [0.0005549, 0.0001785], "total_magnetization_normalized_formula_units": [4.4625e-05, 0.000138725], "total_magnetization_normalized_vol": [1.862759e-07, 5.800994e-07], "uncorrected_energy_per_atom": [-4.426625, -4.47911], "volume": [958.2562, 956.5602], "cbm": [2.8608, 2.7549], "vbm": [0.0543, 0.7363]}