{"band_gap": [4.4853, 4.1497], "density": [1.801369, 1.916652], "density_atomic": [7.83886, 7.367366], "deprecated": [false], "efermi": [-0.7712169, -1.404526], "energy_above_hull": [0.1093585, 0.2588465], "energy_per_atom": [-5.388831, -5.239343], "formation_energy_per_atom": [-0.6809492, -0.5314612], "is_gap_direct": [false], "is_magnetic": [false], "is_metal": [false], "is_stable": [false], "nelements": [2], "nsites": [16], "num_magnetic_sites": [0], "num_unique_magnetic_sites": [0], "theoretical": [false], "total_magnetization": [0.0, 0.0005139], "total_magnetization_normalized_formula_units": [0.0, 0.000128475], "total_magnetization_normalized_vol": [0.0, 4.097375e-06], "uncorrected_energy_per_atom": [-4.678389, -5.239343], "volume": [125.4218, 117.8779], "cbm": [3.3214, 3.0195], "e_electronic": [2.364355], "e_ionic": [1.587127], "e_total": [3.951482], "n": [1.537646], "vbm": [-0.8283, -1.4658], "e_ij_max": [0.04331]}