{"band_gap": [1.7864, 2.2004], "density": [3.79281, 3.823421], "density_atomic": [24.90706, 25.10808], "deprecated": [false], "efermi": [-1.933548, -1.77341], "energy_above_hull": [0.08998927, 0.07445177], "energy_per_atom": [-7.032473, -7.04801], "formation_energy_per_atom": [-1.720527, -1.736064], "is_gap_direct": [false], "is_magnetic": [false], "is_metal": [false], "is_stable": [false], "nelements": [3], "nsites": [10], "num_magnetic_sites": [0], "num_unique_magnetic_sites": [0], "theoretical": [false], "total_magnetization": [3.6e-06, 0.0010634], "total_magnetization_normalized_formula_units": [1.8e-06, 0.0005317], "total_magnetization_normalized_vol": [4.23529e-06, 1.445373e-08], "uncorrected_energy_per_atom": [-5.624473, -5.64001], "volume": [251.0808, 249.0706], "cbm": [0.1823, -0.0681], "e_electronic": [3.95598], "e_ionic": [14.64572], "e_total": [18.6017], "n": [1.988965], "vbm": [-2.0181, -1.8545], "e_ij_max": [5.761037]}