{"band_gap": [1.0251, 0.3766], "density": [1.6496, 1.567221], "density_atomic": [30.23076, 31.81981], "deprecated": [false], "efermi": [1.292092, 1.904858], "energy_above_hull": [0.5459186, 0.4947455], "energy_per_atom": [-8.204299, -8.255472], "formation_energy_per_atom": [-0.6904605, -0.7416336], "is_gap_direct": [false], "is_magnetic": [false], "is_metal": [false], "is_stable": [false], "nelements": [2], "nsites": [30], "num_magnetic_sites": [0], "num_unique_magnetic_sites": [0], "theoretical": [false], "total_magnetization": [0.9763493, 0.0056047], "total_magnetization_normalized_formula_units": [0.1627249, 0.0009341167], "total_magnetization_normalized_vol": [0.001076552, 5.87129e-06], "uncorrected_energy_per_atom": [-4.490726, -4.541899], "volume": [906.9228, 954.5943], "cbm": [2.2781, 2.3538], "vbm": [1.253, 1.9772]}