{"band_gap": [0.0, 0.8688], "density": [1.236005, 2.617189, 1.912069], "density_atomic": [21.83475, 10.31177, 14.11448], "deprecated": [false], "efermi": [-0.03386543, 3.801634, 1.204555], "energy_above_hull": [1.213, 0.9659531, 1.745765], "energy_per_atom": [-6.93717, -6.157357, -6.690123], "formation_energy_per_atom": [0.8004385, 1.580251, 1.047485], "is_gap_direct": [false], "is_magnetic": [true, false], "is_metal": [true, false], "is_stable": [false], "nelements": [2], "nsites": [4], "num_magnetic_sites": [1, 0], "num_unique_magnetic_sites": [2, 0], "theoretical": [false], "total_magnetization": [2.000042, 0.1473087, 0.6859637], "total_magnetization_normalized_formula_units": [2.000042, 0.1473087, 0.6859637], "total_magnetization_normalized_vol": [0.02289976, 0.003571372, 0.01215], "uncorrected_energy_per_atom": [-5.71788, -4.938068, -5.470834], "volume": [87.33901, 41.24709, 56.45792], "cbm": [0.7723], "vbm": [-0.0965]}