{"band_gap": [0.4978, 0.1547], "density": [0.5153763, 2.065617], "density_atomic": [76.35813, 19.05153], "deprecated": [false], "efermi": [-2.474914, -0.00671592], "energy_above_hull": [0.1999817, 0.03878321], "energy_per_atom": [-4.455976, -4.617174], "formation_energy_per_atom": [-0.7773434, -0.9385418], "is_gap_direct": [true, false], "is_magnetic": [true], "is_metal": [false], "is_stable": [false], "nelements": [2], "nsites": [6], "num_magnetic_sites": [4], "num_unique_magnetic_sites": [1], "theoretical": [false], "total_magnetization": [1.99975, 1.999952], "total_magnetization_normalized_formula_units": [0.9998752, 0.9999759], "total_magnetization_normalized_vol": [0.004364849, 0.01749598], "uncorrected_energy_per_atom": [-4.348642, -6.886047], "volume": [458.1488, 114.3092], "cbm": [0.0716, -2.0568], "vbm": [-2.5546, -0.0831]}