{"band_gap": [0.0, 1.184, 1.0007], "density": [6.204328, 6.093478, 6.674812], "density_atomic": [22.10736, 22.50952, 20.54909], "deprecated": [false], "efermi": [1.813603, 3.119573, 2.458745], "energy_above_hull": [0.04549464, 0.02902589], "energy_per_atom": [-16.98814, -17.00461], "formation_energy_per_atom": [-0.07255861, -0.08902736], "is_gap_direct": [false], "is_magnetic": [false], "is_metal": [true, false], "is_stable": [false], "nelements": [2], "nsites": [6, 12], "num_magnetic_sites": [0], "num_unique_magnetic_sites": [0], "theoretical": [false], "total_magnetization": [0.002394, 0.0031848], "total_magnetization_normalized_formula_units": [0.0005985, 0.0007962], "total_magnetization_normalized_vol": [9.024145e-06, 1.291541e-05], "uncorrected_energy_per_atom": [-3.281558, -3.298027], "volume": [265.2883, 135.0571, 246.5891], "cbm": [3.4023, 2.9976], "vbm": [2.4016, 1.8136]}