{"band_gap": [0.3094, 0.8323], "density": [0.8670166, 1.071461], "density_atomic": [61.41195, 49.69401], "deprecated": [false], "efermi": [-1.704488, -2.144455], "energy_above_hull": [0.4401429, 0.3573087], "energy_per_atom": [-7.594856, -7.67769], "formation_energy_per_atom": [0.4401429, 0.3573087], "is_gap_direct": [false], "is_magnetic": [true, false], "is_metal": [false], "is_stable": [false], "nelements": [1], "nsites": [18], "num_magnetic_sites": [6, 0], "num_unique_magnetic_sites": [6, 0], "theoretical": [false], "total_magnetization": [5.996093, 0.0028848], "total_magnetization_normalized_formula_units": [0.3331163, 0.0001602667], "total_magnetization_normalized_vol": [0.00542429, 3.22507e-06], "uncorrected_energy_per_atom": [-3.696307, -3.779141], "volume": [1105.415, 894.4923], "cbm": [-1.4487, -1.3262], "vbm": [-1.7581, -2.1585]}