{"band_gap": [0.0, 4.4107], "density": [2.046839, 1.447576], "density_atomic": [9.372133, 13.25198], "deprecated": [false], "efermi": [3.638873, -0.8657698], "energy_above_hull": [0.04245622, 0.8370829], "energy_per_atom": [-5.827457, -5.03283], "formation_energy_per_atom": [-1.058754, -0.2641271], "is_gap_direct": [false], "is_magnetic": [true, false], "is_metal": [true, false], "is_stable": [false], "nelements": [6], "nsites": [43], "num_magnetic_sites": [10, 0], "num_unique_magnetic_sites": [10, 0], "theoretical": [false], "total_magnetization": [0.0023595, 5.999696], "total_magnetization_normalized_formula_units": [0.0023595, 5.999696], "total_magnetization_normalized_vol": [5.854814e-06, 0.01052883], "uncorrected_energy_per_atom": [-5.585364, -4.790737], "volume": [403.0017, 569.8352], "cbm": [3.639, -0.7945], "vbm": [-0.7945, -0.7717]}